key,displayName,aliases,description,fieldKind,dataType,primaryTopic,cursorPriority,confidence,ambiguity,usageCount,distinctDescriptions,sourceDatabases,notes
market_rent,Market Rent,"['MARKET RENT', 'Market Rent']",The Market Rent column displays the market rent amount of the units displayed in the report.,metric,currency,financial,core,medium,high,411,54,['reports'],
deposit_held,Deposit Held,"['DEPOSIT HELD', 'Deposit Held']","The Deposit Held column will display the amount of deposit that the household has paid in, NOT the amount that was required.",metric,currency,financial,core,medium,high,352,33,['reports'],
lease_term,Lease Term,"['LEASE TERM', 'Lease Term']",The Lease Term column displays the lease term assigned to each listed lease. This is an optional column that can be accessed via the Display Options tab.,metric,integer,quantity,core,medium,high,339,42,['reports'],
budgeted_rent,Budgeted Rent,"['BUDGETED RENT', 'Budgeted Rent', 'Budgeted_Rent']",Displays the amount at which the unit is budgeted as of the end of the period selected as found under Setup >> Properties >> [Select Property] >> Pricing >> Rent >> Budgeted Rent. Clients who use this column should also have Budgeted Rent selected for the Determine Market Rent setting found under Setup >> Properties >> [Select Property] >> Financial >> Gross Potential Rent.,metric,currency,financial,core,medium,high,323,42,['reports'],
scheduled_charges,Scheduled Charges,"['Scheduled (Charges)', 'Scheduled Charges']",The Scheduled Charges column will display all recurring charges that have been created for each listed household (based on what was selected in the 'charge codes' filter). The report should fetch these values based on the move-in/initial lease as to indicate the scheduled charges pertaining to the move-in event.,metric,currency,financial,core,medium,high,279,37,['reports'],
lease_approved,Lease Approved,"['LEASE APPROVED', 'Lease (Approved)', 'Lease - Approved', 'Lease Approved']",Counts the number of primary leads that have reached a status of Lease Approved. For more information click here .,metric,integer,quantity,core,medium,high,267,35,['reports'],
new_leads,New Leads,"['NEW LEADS', 'New Leads', 'New Leads=', 'New_Leads']","A New Lead has completed a guest card in the period selected. Those that have been cancelled or archived are still counted. Guest Cards can be entered manually, through an ILS, phone call, and various other sources. Additional applicants are not added to a profile until the application stage and therefore you will only see one guest card per application in reports. If applicants happen to submit separate or multiple guest cards, the duplicates can be removed from reporting by canceling or archiving the duplicate and labeling it as merged when selecting a reason.",metric,integer,quantity,core,medium,high,258,28,['reports'],
scheduled_rent,Scheduled Rent,"['SCHEDULED RENT', 'Scheduled Rent']",The Scheduled Rent column displays the rent amount that is scheduled for the report.,metric,currency,financial,core,medium,high,251,37,['reports'],
application_completed,Application Completed,"['APPLICATION COMPLETED', 'Application - Completed', 'Application Completed']","Displays the initial date of reaching Application Partially Completed or Application Completed status, whichever happened first.",metric,integer,quantity,core,medium,high,229,20,['reports'],
application_approved,Application Approved,"['Application - Approved', 'Application Approved']",Displays the initial date of reaching Application Approved.,metric,integer,quantity,core,medium,high,219,21,['reports'],
lease_completed,Lease Completed,"['Lease (Completed)', 'Lease - Completed', 'Lease Completed']",Displays the initial date of reaching Lease Completed.,metric,integer,quantity,core,medium,high,217,22,['reports'],
lease_term_months,Lease Term Months,"['LEASE TERM MONTHS', 'Lease Term (Months)', 'Lease Term Months']","Displays the number of months in the lease interval based on what is shown in the Resident Profile under Leases >> Lease Dates >> Lease Term column. For integer-based lease terms (i.e. conventional), this value is the Lease Term converted to a simple integer. For date-based lease terms (i.e. student), this value is calculated by dividing the number of days between Renewal Billing Start and All Billing End by the number of days per month in an average year. Month-to-month lease intervals will show 0.00.",metric,integer,quantity,core,medium,high,210,23,['reports'],
rentable_units,Rentable Units,"['RENTABLE UNITS', 'Rentable Units']","Displays the count of units that are rented by residents or are available to be rented by leads as of the end of the period selected. You can manage whether exclusion reasons are included in this count under Setup >> Property >> [Select Property] >> Property >> Floor Plans & Units >> Unit Availability / Search >> Exclusion Reasons >> Report As Rentable. The settings can be adjusted per exclusion reason. A unit is either considered excluded or rentable. If a unit is rentable, it may be shown in a unit status column in addition to the rentable units column.",metric,integer,quantity,core,medium,high,179,26,['reports'],
prior_lease_rent,Prior Lease Rent,['Prior Lease Rent'],This column will display a monetary value that represents the recurring rent type charges that have been created for each listed household as of the report date for the lease prior to the new lease that was created that is associated to the displayed unit/unit space.,metric,currency,financial,core,medium,high,145,20,['reports'],
space_option,Space Option,"['SPACE OPTION', 'Space Option']","Displays the the space option that is associated to the unit space. For vacant unit spaces, all space options available for the space will display, separated by commas. For occupied unit spaces, the specific space option associated to the resident's lease will display. This column is only available for clients with the Entrata Student product.",metric,percent,percent,core,medium,high,131,27,['reports'],
bedroom_count,Bedroom Count,['Bedroom Count'],"This column will display the bedroom counts (example: 1, 2, 3, etc) based on all Floor Plans within the selected properties.",metric,integer,quantity,core,high,medium,118,11,['reports'],
actual_charges,Actual Charges,"['Actual (Charges)', 'Actual Charges']",Displays the sum of all charges that have been posted in the period selected based on the charge codes selected in the Charge Codes filter.,metric,currency,financial,core,high,medium,109,11,['reports'],
applications_completed,Applications Completed,"['APPLICATIONS COMPLETED', 'Applications Completed']",Counts the number of primary leads that have reached a status of Application Partially Completed or Application Completed. For more information click here .,metric,integer,quantity,core,high,medium,102,17,['reports'],
first_visit_tour,First Visit/Tour,"['FIRST VISIT/TOUR', 'First Visit/Tour']","Counts the number of primary leads with an initial onsite visit, property tour, or unit tour listed on the activity log. This column will exclude return visits. Events that are deleted from the activity log will not be included. Events with a missed, cancelled, or reschduled event are not included.",metric,integer,quantity,core,high,medium,102,11,['reports'],
lease_completed_cancelled,Lease Completed (Cancelled),"['Lease - Completed (Cancelled)', 'Lease Completed (Cancelled)']",Counts the number of primary leads that reached a status of Lease Completed and are cancelled/archived. For more information click here,metric,integer,quantity,core,high,medium,102,10,['reports'],
number_in_household,# in Household,"['# IN HOUSEHOLD', '# In Household', '# in Household']",Displays the number of persons living in the unit.,metric,integer,quantity,core,medium,medium,96,9,['reports'],
days_vacant,Days Vacant,"['DAYS VACANT', 'Days Vacant']",The Days Vacant column will display a number that represents the number of days that have elapsed starting form the previous household's move-out date up until the date in which the report was generated. This column won't populate for units in a 'Notice' or 'Occupied' status as these units are currently occupied by residents.,metric,integer,quantity,core,medium,high,91,20,['reports'],
deposit_charged,Deposit Charged,['Deposit Charged'],Displays the total amount of deposits charged to the resident's active lease interval.,metric,currency,financial,core,medium,medium,91,9,['reports'],
unit_space,Unit/Space,"['Unit Space', 'Unit/Space']",The number of units/spaces of each floor plan.,metric,integer,quantity,core,medium,medium,91,16,['reports'],
unit_count,Unit Count,"['UNIT COUNT', 'Unit Count']",This column displays the unit count # for the selected property. This column can be enabled in Display Options.,metric,integer,quantity,core,medium,medium,89,16,['reports'],
avg_market_rent,Avg. Market Rent,"['AVG. MARKET RENT', 'Avg Market Rent', 'Avg. Market Rent']",Displays an amount that represents the avg. market rent for all occupied or on notice units that are displayed in the report as of the end of the user-defined period (essentially only including averages for rentable items that have a market rent value displayed).,metric,currency,financial,core,medium,medium,88,13,['reports'],
scheduled_appointments,Scheduled Appointments,['Scheduled Appointments'],"Counts the number of appointments scheduled in the timeframe selected, or the number of appointments scheduled for leads created in the timeframe selected. The results depend on the selection of the Results Based on filter.",metric,integer,quantity,core,high,low,81,6,['reports'],
job_cost_code,Job Cost Code,"['JOB COST CODE', 'Job Cost Code']",This column will display the job cost code associated with the line item of the invoice.,metric,currency,financial,core,medium,medium,80,14,['reports'],
lease_term_name,Lease Term Name,"['LEASE TERM NAME', 'Lease Term Name']","This column displays the name of lease term associated to the person. If a name has not been given to the lease term it will be blank. (This information is used for most student properties.) It is found in the resident profile under Lease, Lease Dates, Lease Term and on the lead profile under the application and unit preference tab.",metric,integer,quantity,core,medium,medium,80,9,['reports'],
utility_allowance,Utility Allowance,['Utility Allowance'],Displays the utility allowance amount on the household's certification that is effective as of the end of the period selected. This column is only available for clients with the Entrata Affordable product.,metric,currency,financial,core,medium,medium,79,9,['reports'],
avg_budgeted_rent,Avg. Budgeted Rent,"['AVG BUDGETED RENT', 'Avg Budgeted Rent', 'Avg. Budgeted Rent']",Displays an amount that represents the avg. budgeted rent for all occupied or on notice units that are displayed in the report as of the end of the user-defined period (essentially only including averages for rentable items that have a budgeted rent value displayed).,metric,currency,financial,core,medium,medium,77,11,['reports'],
pre_payments,Pre-payments,"['PRE-PAYMENTS', 'Pre-Payments', 'Pre-payments', 'Pre_Payments']","Displays the total amount of unallocated payments (including negative payments, payments-in-kind, etc.) as of the end of the period selected.",metric,currency,financial,core,medium,medium,76,10,['reports'],
tenant_rent,Tenant Rent,['Tenant Rent'],Displays the tenant rent amount on the household's certification that is effective as of the end of the period selected. This column is only available for clients with the Entrata Affordable product.,metric,currency,financial,core,medium,medium,76,8,['reports'],
occupied_units,Occupied Units,['Occupied Units'],"Displays the count of units that are occupied by residents as of the end of the period selected. Occupied units are units in a status of Occupied No Notice, Notice Rented, and Notice Unrented.",metric,integer,quantity,core,medium,medium,75,17,['reports'],
applications_approved,Applications Approved,"['APPLICATIONS APPROVED', 'Applications Approved']",Counts the number of primary leads that have reached a status of Application Approved. For more information click here .,metric,integer,quantity,core,medium,medium,74,15,['reports'],
military_rank,Military Rank,['Military Rank'],Displays the resident's rank. Military Rank is found under Resident Profile >> Household >> [Select Primary Resident] >> Summary >> Military Career. This column is only available for clients with the Entrata Military product.,metric,integer,quantity,core,high,low,73,4,['reports'],
applications_denied,Applications Denied,['Applications Denied'],"Counts the number of primary leads that have reached a status of Application Partially Completed or Application Completed, (no further), and are cancelled/archived with a denial reason. For more information click here .",metric,integer,quantity,core,medium,medium,71,10,['reports'],
effective_rent,Effective Rent,['Effective Rent'],"Displays the sum of Lease Rent, Recurring Concessions per Lease Term (Months), and One-time Concessions per Lease Term (Months). Month-to-month lease intervals are calculated as the sum of active (at the end of the lease for lease intervals in Past status) recurring Scheduled Charges included in Effective Rent. If no Prior Lease Rent is active at that time, this column will be NULL so that it will not be considered in report averages. This column is not affected by the Charge Codes filter.",metric,currency,financial,core,medium,medium,71,15,['reports'],
percent_variance,% Variance,['% Variance'],The $ Variance divided by the budget amount for the listed period.,metric,percent,percent,core,medium,medium,69,8,['reports'],
subsidy_rent,Subsidy Rent,['Subsidy Rent'],Displays the subsidy rent amount on the household's certification that is effective as of the end of the period selected. This column is only available for clients with the Entrata Affordable product.,metric,currency,financial,core,high,low,69,7,['reports'],
property_tours,Property Tours,['Property Tours'],"All Property Tours logged within the period selected. Deleted, missed, rescheduled, and cancelled tours are excluded. The setting to combine tours as onsite visits will not affect the report. A custom column to combine tours and onsite visits can be added using the formula tool.",metric,integer,quantity,core,high,low,68,5,['reports'],
total_occupancy,Total Occupancy,['Total Occupancy'],Displays a sum of all columns for each pay grade.,metric,percent,percent,core,high,low,68,3,['reports'],
unit_tours,Unit Tours,['Unit Tours'],"All tours logged within the period selected that have a unit selected. Deleted, missed, rescheduled, and cancelled tours are excluded. The setting to combine tours as onsite visits will not affect the report. A custom column to combine tours and onsite visits can be added using the formula tool.",metric,integer,quantity,core,high,low,67,4,['reports'],
application_completed_cancelled,Application Completed (Cancelled),"['Application - Completed (Cancelled)', 'Application Completed (Cancelled)']",Counts the number of primary leads that have reached a status of Application Partially Completed or Application Completed and are cancelled/archived with a reason other than denied. For more information click here .,metric,integer,quantity,core,medium,medium,66,9,['reports'],
leases_completed,Leases Completed,"['LEASES COMPLETED', 'Leases Completed']",Counts the number of primary leads that have reached a status of Lease Completed. For more information click here .,metric,integer,quantity,core,medium,medium,66,9,['reports'],
leases_approved,Leases Approved,"['LEASES APPROVED', 'Leases Approved']",Counts the number of primary leads that have reached a status of Lease Approved. For more information click here .,metric,integer,quantity,core,medium,medium,63,11,['reports'],
rentable_sqft,Rentable Sqft,"['Rentable SQFT', 'Rentable Sqft']","Displays the total rentable sqft that is available for each displayed suite. This column header is dynamic, and may display 'SQFT', 'M2', or 'Unit of Area', depending on the property's setting for Unit of Measurement.",metric,number,quantity,core,medium,medium,61,8,['reports'],
utility_reimbursement,Utility Reimbursement,['Utility Reimbursement'],Displays the utility reimbursement amount on the household's certification that is effective as of the end of the period selected. This column is only available for clients with the Entrata Affordable product.,metric,currency,financial,core,high,low,60,4,['reports'],
payment_amount,Payment Amount,"['PAYMENT AMOUNT', 'Payment Amount']",The PAYMENT AMOUNT column will show the amount of the payment.,metric,currency,financial,core,medium,medium,59,13,['reports'],
annual_budget,Annual Budget,['Annual Budget'],The total amount included in the budget for the GL account.,metric,currency,financial,core,high,low,58,4,['reports'],
application_approved_cancelled,Application Approved (Cancelled),"['Application - Approved (Cancelled)', 'Application Approved (Cancelled)']",Counts the number of primary leads that reached a status of Application Approved and are cancelled/archived. For more information click here .,metric,integer,quantity,core,high,low,58,3,['reports'],
applications_approved_cancelled,Applications Approved (Cancelled),['Applications Approved (Cancelled)'],Counts the number of primary leads that reached a status of Application Approved and are cancelled/archived. For more information click here .,metric,integer,quantity,core,high,low,56,5,['reports'],
avg_scheduled_charges,Avg. Scheduled Charges,"['Avg Scheduled Charges', 'Avg. Scheduled Charges']",Displays an amount that represents the avg. current rent for all occupied or on notice inventory items that are associated to residents as of the end of the user-defined period. This will not consider any rentable items that do not have 'scheduled charges' values (zeroes) within the average.,metric,currency,financial,core,high,low,56,7,['reports'],
lease_rent,Lease Rent,['Lease Rent'],"Displays the monthly (non-prorated) amount of Rent-type scheduled recurring charges and credits that are set to be included in Effective Rent. For most lease intervals, this value will be as of the Lease End date or Move-out date, whichever comes first. For MTM lease intervals, only those in Past status will have this value be as of the Lease End date or Move-out date, whichever comes first. For Current/Notice MTM lease intervals, this value will be as of the day the report is generated. For Future MTM lease interval types, this value will be as of the Lease Start date (since there is no lease end date). If no value is available as of the point in time mentioned, this value will show blank so as to not skew the average Current Lease Rent calculated in the summary. This column is not affected by the Charge Codes filter.",metric,currency,financial,core,high,low,56,7,['reports'],
onsite_visit,Onsite Visit,"['ONSITE VISIT', 'Onsite Visit']","All onsite visits logged within the period selected. Deleted, missed, rescheduled, and cancelled tours are excluded. The setting to combine tours as onsite visits will not affect the report. A custom column to combine tours and onsite visits can be added using the formula tool.",metric,integer,quantity,core,medium,medium,56,9,['reports'],
total_average_row,Total/Average (Row),"['Total/Average (Row)', 'Total/Average (row)']","Display the total number of unit spaces listed along with the averages for Sqft, Lease Term, Deposit Charged, Deposit Held, Market Rent, Budgeted Rent, Advertised Rate, Scheduled Charges, and Posted Charges",metric,number,quantity,core,high,low,56,7,['reports'],
unapplied_credits,Unapplied Credits,"['UNAPPLIED CREDITS', 'Unapplied Credits']","Displays the total amount of unallocated credits (including concessions, deposit credits, etc.) as of the end of the period selected.",metric,currency,financial,core,high,low,55,6,['reports'],
deposit_required,Deposit Required,['Deposit Required'],"The Deposit Required column will display the deposit that has been setup and assigned to each unit/unit space that is displayed in the report. This column is disabled by default, and can be accessed via the Display Options tab.",metric,currency,financial,core,high,low,54,7,['reports'],
percent_change,% Change,['% Change'],This is the variance amount divided by the balance in the Comparative Period balances. This column will only appear when the Compare Periods filter is set to Yes.,metric,percent,percent,core,medium,medium,52,8,['reports'],
excluded_units,Excluded Units,['Excluded Units'],"Displays the count of excluded units as of the end of the period selected. Excluded units are managed under Setup >> Properties >> [Select Property] >> Property >> Floor Plans & Units >> Units >> [Select a Unit] >> Exclusion. Exclusion reasons include, but are not limited to: Hospitality Unit, Down Unit, Employee Unit, Model Unit, Admin Unit, Corporate Unit, and Construction Unit.",metric,integer,quantity,core,high,low,51,7,['reports'],
percent_of_income,% of Income,['% of Income'],This column displays the line item GL Account total as a percentage of total income.,metric,percent,percent,core,high,low,49,5,['reports'],
missed_tours,Missed Tours,['Missed Tours'],"Displays events of missed, cancelled or rescheduled tour. All tours with an event result of or similar to ""Missed"", ""Cancelled"", or ""Reschuled"" based on the property settings for visit/tour events. Deleted events not included.",metric,integer,quantity,core,high,low,49,1,['reports'],
one_time_concessions,One-time Concessions,"['One-Time Concessions', 'One-time (Concessions)', 'One-time Concessions']",Displays the total value of all scheduled and manual one-time non-Rent-type charges and credits from Charge Codes included in Effective Rent. Charge Codes can be included or excluded from Effective Rent under Setup >> Company >> Financial >> Charge Codes >> [Select Charge Code] >> Include in Effective Rent. This column is not affected by the Charge Codes filter.,metric,currency,financial,core,medium,medium,49,8,['reports'],
recurring_concessions,Recurring Concessions,"['Recurring (Concessions)', 'Recurring Concessions']","Displays the total value of all scheduled recurring non-Rent-type charges and credits from Charge Codes included in Effective Rent. Charge Codes can be included or excluded from Effective Rent under Setup >> Company >> Financial >> Charge Codes >> [Select Charge Code] >> Include in Effective Rent. Month-to-month lease intervals do not have scheduled recurring charges total value and therefore, Recurring Concessions is calculated as the sum of scheduled recurring non-Rent-type charges and credits included in Effective Rent as of the MTM Start date. This column is not affected by the Charge Codes filter.",metric,currency,financial,core,medium,medium,49,8,['reports'],
active_specials,Active Specials,['Active Specials'],"The Active Specials column will display all the active specials that are associated to the displayed unit in a comma separated list. This column will be disabled by default, and can be accessed via the Display Options tab.",metric,percent,percent,core,high,low,47,5,['reports'],
delinquency,Delinquency,['Delinquency'],Displays the total amount of unallocated charges that have not been paid as of the end of the period selected. This amount is the sum of Past Due and Current Due.,metric,currency,financial,core,medium,low,47,6,['reports'],
inactive_specials,Inactive Specials,['Inactive Specials'],"The Inactive Specials column will display all the inactive specials that are associated to the displayed unit in a comma separated list. This column will be disabled by default, and can be accessed via the Display Options tab.",metric,percent,percent,core,high,low,47,5,['reports'],
avg_days_to_tour,Avg Days to Tour,"['AVG DAYS TO TOUR', 'Avg Days to Tour']","Displays the average number of days from Created On to First Visit/Tour for leads. If a lead did not have a tour, then they will not be included in the calculation. If the average time between the leads is 0 then show ""0.00""",metric,integer,quantity,core,high,low,46,5,['reports'],
avg_scheduled_rent,Avg. Scheduled Rent,"['AVG. SCHEDULED RENT', 'Avg Scheduled Rent', 'Avg. Scheduled Rent']","This column will display a monetary value that represents the average SCHEDULED rent amount for occupied units. Scheduled Rent is the amortized total values of all charges and negative charges on the lease interval with charge codes of ""Rent"" type and all usages that have the designation Include In Effective Rent = ""Yes"". Amortized implies that once the total value of each charge is calculated and summed together, it is divided by the lease term length to get a monthly value. Lease term length is found by counting the number of months from lease start to earlier of move-out and lease end, rounded up. All month-to-month lease intervals will pull these same charges, but only pull the charges as of the MTM Start date as opposed to amortizing the total value.",metric,currency,financial,core,medium,medium,46,11,['reports'],
first_visits_tours,First Visits/Tours,['First Visits/Tours'],"Counts the number of primary leads with an initial onsite visit, property tour, or unit tour listed on the activity log. This column will exclude return visits. Events that are deleted from the activity log will not be included. Events with a missed, cancelled, or reschduled event are not included.",metric,integer,quantity,core,high,low,46,5,['reports'],
percent_occupied,% Occupied,"['% Occupied', '%_Occupied']","The % Occupied column will display the percentage of total units that are occupied (based on the 'as of date' of this section). An occupied unit is defined as any unit that is in an occupied no notice, notice rented, or notice unrented status. This column will not consider excluded units in its calculation",metric,percent,percent,core,medium,medium,45,11,['reports'],
bah_rate,BAH Rate,['BAH Rate'],Displays the amount the resident is entitled to based on their year and rank. The BAH Rate is found under Resident Profile >> Household >> [Select Primary Resident] >> Summary >> Military Career >> Rate Protected Amount. This column is only available for clients with the Entrata Military product.,metric,percent,percent,core,high,low,45,3,['reports'],
outgoing_call,Outgoing Call,['Outgoing Call'],All calls from the property staff to any prospect. Calls that are made to a lead in a Lease Approved/Future Resident status are not counted.,metric,integer,quantity,core,high,low,44,2,['reports'],
referred_contact,Referred Contact,['Referred Contact'],"Of the new leads, displays the number of leads that had an Original Contact Method of Referred Contact (contact made through submitting an application through AgentAccess)",metric,integer,quantity,core,high,low,44,1,['reports'],
accessible_amenities,Accessible Amenities,['Accessible Amenities'],"The Accessible Amenities column will display all of the amenities associated to the listed units that are flagged as accessible. The amenities that show up here will not show in the Amenities column, as they would then be listed twice.",metric,integer,quantity,core,high,low,43,5,['reports'],
contract_set_aside,Contract/Set-Aside,['Contract/Set-Aside'],"Displays the contract/set-aside that corresponds to the household as of the end of the period selected. If a household is certified under multiple Affordable programs (i.e. both HUD and Tax Credits) then each of those programs would be displayed, separated by commas. This column is only available for clients with the Entrata Affordable product.",metric,currency,financial,core,high,low,43,6,['reports'],
economic_and_physical_occupancy,Economic and Physical Occupancy,['Economic and Physical Occupancy'],This column will display a row for both Economic Occupancy and Physical Occupancy.,metric,percent,percent,core,high,low,43,2,['reports'],
manual_contacts_attempted,Manual Contacts Attempted,['Manual Contacts Attempted'],Count of all manual contacts attempted by the property to the lead.,metric,integer,quantity,core,high,low,42,7,['reports'],
market_sqft,Market/Sqft,"['Market / Sqft', 'Market/SQFT', 'Market/Sqft']","The Market/Sqft column will display an amount that represents the market rent amount per sqft of the unit/unit space. This column is disabled by default and can be accessed via the Display Options tab. This column header is dynamic, and may display 'SQFT', 'M2', or 'Unit of Area', depending on the property's setting for Unit of Measurement.",metric,number,quantity,core,high,low,42,7,['reports'],
applications_completed_cancelled,Applications Completed (Cancelled),['Applications Completed (Cancelled)'],Counts the number of primary leads that have reached a status of Application Partially Completed or Application Completed and are cancelled/archived with a reason other than denied. For more information click here .,metric,integer,quantity,core,high,low,41,2,['reports'],
deposit_held_type,Deposit Held Type,['Deposit Held Type'],"Displays the type of deposit held. Options include Traditional, 3rd Party, Both, None.",metric,currency,financial,core,high,low,41,2,['reports'],
economic_occupancy_row,Economic Occupancy (Row),['Economic Occupancy (Row)'],This displays the economic occupancy for the period as a percentage. This is calculated as (Non-Excluded Market Rent Total + Non-Excluded Vacancy Loss Total) / Non-Excluded Market Rent Total.,metric,percent,percent,core,high,low,41,2,['reports'],
physical_occupancy_row,Physical Occupancy (Row),['Physical Occupancy (Row)'],This displays the physical occupancy for the period as a percentage. This is calculated as the total number of occupied units / total number of rentable units.,metric,percent,percent,core,high,low,41,3,['reports'],
renewal_transfers,Renewal Transfers,['Renewal Transfers'],The Renewal Transfers column will display the leases that have had a renewal transfer performed or will have one performed in the selected period.,metric,integer,quantity,core,high,low,41,6,['reports'],
avg_sqft,Avg. Sqft,"['AVG. SQFT', 'Avg Sqft', 'Avg. Sqft']",The Avg. Sqft column will display the average square footage of each unit within each unit type/floor plan group. This value should be based on the sqft that has been entered on the unit level and not the unit type level,metric,number,quantity,core,medium,medium,40,9,['reports'],
online_chat,Online Chat,['Online Chat'],All online chats that are taken during the period selected. Chats that are missed or deleted from the activity log will not be included.,metric,integer,quantity,core,high,low,40,2,['reports'],
call_analysis_score,Call Analysis Score,['Call Analysis Score'],"For those using the Leasing Center product, this column will show the average score of phone call scorecards during the period selected.",metric,integer,quantity,core,high,low,39,2,['reports'],
incoming_call,Incoming Call,['Incoming Call'],"All calls from prospects to the property. Missed calls, voicemails, and calls that are received when the lead is in a Lease Approved/Future Resident status are not counted.",metric,integer,quantity,core,high,low,39,2,['reports'],
onsite_visits,Onsite Visits,['Onsite Visits'],"All onsite visits logged within the period selected. Deleted, missed, rescheduled, and cancelled tours are excluded. The setting to combine tours as onsite visits will not affect the report. A custom column to combine tours and onsite visits can be added using the formula tool.",metric,integer,quantity,core,medium,medium,39,10,['reports'],
past_due,Past Due,"['PAST DUE', 'Past Due']",Displays the total amount of unallocated charges due prior to the period selected.,metric,currency,financial,core,high,low,39,6,['reports'],
renewal_lease_approved,Renewal Lease Approved,['Renewal Lease Approved'],Counts the number of leases that have had a renewal lease approved in the period selected,metric,integer,quantity,core,high,low,38,4,['reports'],
budgeted_sqft,Budgeted/Sqft,['Budgeted/Sqft'],"The Budgeted/Sqft column will display an amount that represents the budgeted rent amount per sqft of the unit/unit space This column is disabled by default and can be accessed via the Display Options tab. This column header is dynamic, and may display 'SQFT', 'M2', or 'Unit of Area', depending on the property's setting for Unit of Measurement.",metric,number,quantity,core,high,low,37,6,['reports'],
percent_neglected_in_first_48_hours,% Neglected in First 48 Hours,['% Neglected in First 48 Hours'],Displays the percent of new leads that were neglected in the first 48 hours of creation.,metric,percent,percent,core,high,low,36,3,['reports'],
bed_bath,Bed/Bath,['Bed/Bath'],This column displays the Bedroom and Bathroom count of the unit that was offered to the lead.,metric,integer,quantity,core,high,low,36,1,['reports'],
floor_number,Floor Number,['Floor Number'],"This column will display the floor number that has been associated to the assigned unit. This information can be found in the setup section under setup, property, floor plans and units, site plans/floors.",metric,integer,quantity,core,high,low,36,4,['reports'],
head_of_household,Head of Household,['Head of Household'],This column displays the name of the household member who is flagged as Head of Household (HoH). Clicking on the name of the HoH will bring you to the Lead Summary tab of the lead's profile.,metric,integer,quantity,core,high,low,36,1,['reports'],
neglected_in_first_24_hours,Neglected in First 24 Hours,['Neglected in First 24 Hours'],"Displays the number of new leads that did not have a manual contact attempted in the first 24 hours. New leads that had a first event of call, visit/tour, or chat will not be included in this count because their first event counts as their successful contact, no additional contact attempt is needed. Manual Contact Attempts include events of: Outbound Email, Outgoing SMS, Outgoing Call, Onsite Visits, Unit Tours, and Property Tours. Outbound Emails/SMS will only be counted if they have been manually sent. Email/SMS Messages sent via message center, or automated by the system will not be included in the count.",metric,integer,quantity,core,high,low,36,3,['reports'],
neglected_in_first_48_hours,Neglected in First 48 Hours,['Neglected in First 48 Hours'],"Displays the number of new leads that did not have a manual contact attempted in the first 48 hours. New leads that had a first event of call, visit/tour, or chat will not be included in this count because their first event counts as their successful contact, no additional contact attempt is needed. Manual Contact Attempts include events of: Outbound Email, Outgoing SMS, Outgoing Call, Onsite Visits, Unit Tours, and Property Tours. Outbound Emails/SMS will only be counted if they have been manually sent. Email/SMS Messages sent via message center, or automated by the system will not be included in the count.",metric,integer,quantity,core,high,low,36,3,['reports'],
net_change,Net Change,['Net Change'],This column displays the difference between the Beginning and Ending Balance for the listed GL Account.,metric,currency,financial,core,high,low,36,6,['reports'],
renewal_offer_completed,Renewal Offer Completed,['Renewal Offer Completed'],Counts the number of leases that had a renewal offer completed in the period selected.,metric,integer,quantity,core,high,low,36,4,['reports'],
current_due,Current Due,"['CURRENT DUE', 'Current Due']",Displays the total amount of unallocated charges in the period selected.,metric,currency,financial,core,high,low,35,5,['reports'],
floor_title,Floor Title,['Floor Title'],"This column will display the floor title that has been associated to the assigned unit. This information can be found in the setup section under setup, property, floor plans and units, site plan/floors.",metric,integer,quantity,core,high,low,35,3,['reports'],
late_fee_formula,Late Fee Formula,['Late Fee Formula'],"This column will display the late fee formula name that is associated to each to the active lease that's displayed in the report; This column can potentially display multiple late fee formulas; if that's the case, this column will be a comma separated list. The late fee formula is setup on a property basis and is found under setup, properties, financial, delinquency, late fee formula.",metric,currency,financial,core,high,low,35,3,['reports'],
leased_percent,Leased (%),"['LEASED %', 'LEASED (%)', 'Leased %', 'Leased (%)']","A percentage calculated by taking the count of all Occupied No Notice, Notice Rented, Notice Unrented, and Vacant Rented units divided by the count of all rentable units.",metric,percent,percent,core,high,low,35,7,['reports'],
space_configuration,Space Configuration,['Space Configuration'],"This column displays the Space Configuration that is associated with the unit. This information is not found on the resident profile. It is found under setup, property, floor plans and units, units.",metric,percent,percent,core,high,low,35,3,['reports'],
applications_completed_toured_lead_conversions,Applications Completed - Toured Lead Conversions,['Applications Completed - Toured Lead Conversions'],Displays a count of applications that have toured/visited AND completed an application for the first time. (Partially Completed and Completed Applications are included in the count). This column will depend on the Tour Count filter selection.,metric,percent,percent,core,high,low,34,1,['reports'],
calls_toured_leads_by_original_contact_method,Calls - Toured Leads By Original Contact Method,['Calls - Toured Leads By Original Contact Method'],"The number of leads that have at least one entry on their activity log of a tour per the 'results based on' filter and 'tour count' filter, AND have a first event of a call. This column is hidden by default.",metric,integer,quantity,core,high,low,34,2,['reports'],
chats_toured_leads_by_original_contact_method,Chats - Toured Leads By Original Contact Method,['Chats - Toured Leads By Original Contact Method'],"The number of leads that have at least one entry on their activity log of a tour per the 'results based on' filter and 'tour count' filter, (tours are defined per the tour count filter), AND have a first event of chat. This column is hidden by default.",metric,integer,quantity,core,high,low,34,2,['reports'],
emails_toured_leads_by_original_contact_method,Emails - Toured Leads By Original Contact Method,['Emails - Toured Leads By Original Contact Method'],"The number of leads that have at least one entry on their activity log of a tour per the 'results based on' filter and 'tour count' filter, AND have a first event of an email. This column is hidden by default.",metric,integer,quantity,core,high,low,34,2,['reports'],
future_rent_increases_per_sqft,Future Rent Increases - Per Sqft,"['Future Rent Increases - Per SQFT', 'Future Rent Increases - Per Sqft']",Displays the new per sqft amount for the tenant for each time that their monthly base rent increases; this value will typically increase from their original per sqft amount.,metric,number,quantity,core,high,low,34,2,['reports'],
leases_approved_toured_lead_conversions,Leases Approved - Toured Lead Conversions,['Leases Approved - Toured Lead Conversions'],Displays a count of applications that have toured/visited AND had a lease approved in the period selected for the first time. This column will depend on the Tour Count filter.,metric,percent,percent,core,high,low,34,1,['reports'],
moved_in_toured_lead_conversions,Moved-In - Toured Lead Conversions,['Moved-In - Toured Lead Conversions'],Displays a count of applications that have toured/visited AND had a move-in performed. This column will depend on the Tour Count filter selection.,metric,percent,percent,core,high,low,34,1,['reports'],
mtm_conversions,MTM Conversions,"['MTM CONVERSIONS', 'MTM Conversions']","The MTM Conversions column will display the number of MTM households, for each listed unit type/floor plan/property/bedroom count, who renewed onto a full lease. This event must have occurred within the report's date range.",metric,percent,percent,core,high,low,34,5,['reports'],
online_toured_leads_by_original_contact_method,Online - Toured Leads By Original Contact Method,['Online - Toured Leads By Original Contact Method'],"The number of leads that have at least one entry on their activity log of a tour per the 'results based on' filter and 'tour count' filter, AND have a first event of a guest card from an online source with in the date range. This column is hidden by default.",metric,integer,quantity,core,high,low,34,2,['reports'],
other_toured_leads_by_original_contact_method,Other - Toured Leads By Original Contact Method,['Other - Toured Leads By Original Contact Method'],"The number of leads that have at least one entry on their activity log of a tour per the 'results based on' filter and 'tour count' filter, AND have a first event that does not fit into any of the categories above. This column is hidden by default.",metric,integer,quantity,core,high,low,34,2,['reports'],
texts_toured_leads_by_original_contact_method,Texts - Toured Leads By Original Contact Method,['Texts - Toured Leads By Original Contact Method'],"The number of leads that have at least one entry on their activity log of a tour per the 'results based on' filter and 'tour count' filter, (tours are defined per the tour count filter), AND have a first event of SMS. This column is hidden by default.",metric,integer,quantity,core,high,low,34,2,['reports'],
toured_lead_conversions,Toured Lead Conversions,['Toured Lead Conversions'],"Toured Lead Conversion columns are separated into four types of conversion events: applications completed, leases completed, leases approved, move-ins. These columns will count the number of leads that took a tour and then progressed to one or more of these events.",metric,percent,percent,core,high,low,34,3,['reports'],
toured_leads,Toured Leads,['Toured Leads'],"Counts the number of primary leads with an initial onsite visit, property tour, or unit tour listed on the activity log. This column will exclude return visits. Events that are deleted from the activity log will not be included. Events with a missed, cancelled, or rescheduled event are not included.",metric,integer,quantity,core,high,low,34,3,['reports'],
toured_leads_by_original_contact_method,Toured Leads By Original Contact Method,['Toured Leads By Original Contact Method'],Displays a count of applications that have toured/visited AND had a lease approved in the period selected for the first time. This column will depend on the Tour Count filter.,metric,integer,quantity,core,high,low,34,3,['reports'],
transaction_amount,Transaction Amount,"['TRANSACTION AMOUNT', 'Transaction Amount']",The line-item transaction amount.,metric,currency,financial,core,medium,medium,34,9,['reports'],
visits_tours_toured_leads_by_original_contact_method,Visits/Tours - Toured Leads By Original Contact Method,['Visits/Tours - Toured Leads By Original Contact Method'],"The count of leads who have a first event of one of the following: Tour with unit, Tour w/o unit, or onsite visit per the 'results based on' filter and 'tour count' filter. Because the first event is a tour, all leads will be counted. This column is hidden by default.",metric,integer,quantity,core,high,low,34,2,['reports'],
appointments_set,APPOINTMENTS SET,"['APPOINTMENTS SET', 'Appointments Set']",The APPOINTMENTS SET column shows the number of appointments set by the Leasing Center.,metric,integer,quantity,core,high,low,33,7,['reports'],
current_balance,Current Balance,['Current Balance'],The Current Balance column displays the balance of the profile as of the date the report is generated. This will include the total of all ledgers and all charge codes.,metric,currency,financial,core,high,low,33,6,['reports'],
current_lease_rent,Current Lease Rent,['Current Lease Rent'],The Current Lease Rent column will display the total of all scheduled rent-type charges on the unit's current lease. If the unit is currently vacant this column will be blank as there is no current lease. This column is OPTIONAL and can be added under the Display Options tab.,metric,currency,financial,core,high,low,33,5,['reports'],
first_visit_tour_unit,First Visit/Tour Unit,"['First Visit/Tour (Unit)', 'First Visit/Tour Unit']","This field will display the BLDG-UNITS, (multiple tours can be shown), listed for the first tour, 'Property' if it is a property tour, and 'Onsite Visit' if it is an onsite visit. The setting to combine onsite visit and tour will not affect this field. This information is found on the lead or resident's activity log by searching for the first visit/tour.",metric,integer,quantity,core,high,low,33,2,['reports'],
installation_transferring_from,Installation Transferring From,['Installation Transferring From'],This field shows the installation the occupant is transferring from. Found under Resident Profile>> Household>> Summary>> Edit Military Career>> Installation Transferring From (this is labeled as 'Last Assignment' on the resident profile). For Leads this field can be found under Lead Profile>> Application>> Military.,metric,integer,quantity,core,high,low,33,3,['reports'],
warrant_officer_candidate,Warrant Officer Candidate,['Warrant Officer Candidate'],Displays if the occupants a warrant officer (yes/no). This field is found under the Resident Profile>> Household>> Summary>> Edit Military Career>> For Leads this field can be found under Lead Profile>> Application>> Military.,metric,integer,quantity,core,high,low,33,3,['reports'],
beginning_balance,Beginning Balance,"['BEGINNING BALANCE', 'Beginning Balance']",Sum of the GL transactions for the specified GL account as of the beginning of the starting post month.,metric,currency,financial,core,high,low,32,7,['reports'],
prior_effective_rent,Prior Effective Rent,['Prior Effective Rent'],"This column displays the amortized total value of all charges, negative charges, and credits on the prior lease interval before renovation with charge codes that have the designation Include In Effective Rent = ""Yes"". Amortized implies that once the total value of each charge is calculated and summed together, it is divided by the lease term length found in the Prior Term column to get a monthly value.",metric,currency,financial,core,medium,medium,32,11,['reports'],
quote_generated,Quote Generated,['Quote Generated'],This column display the date the quote was created on,metric,percent,percent,core,high,low,32,1,['reports'],
number_of_late_payments,# of Late Payments,['# of Late Payments'],"This column will display the total count of the times that the resident was late in making a payment. This information is found in the resident profile under household, people, click on the persons's name, # of late payments.",metric,currency,financial,core,high,low,31,1,['reports'],
number_of_nsf_s,# of NSF's,"[""# of NSF's""]",This column will display the total count of NSFs that are associated to the resident. This information is not shown in the resident or lead profile.,metric,integer,quantity,core,high,low,31,1,['reports'],
0_30_days,0-30 Days,"['0-30 DAYS', '0-30 Days']",Displays the portion of Unallocated Charges / Credits due 0-30 days prior to the end of the period selected.,metric,currency,financial,core,high,low,31,4,['reports'],
application_preferences_bathrooms,Application Preferences Bathrooms,['Application Preferences Bathrooms'],Shows the lead's preferred number of bathrooms as listed on the guest card. This information is shown on the lead profile on the right-hand side under preferences.,metric,integer,quantity,core,high,low,31,1,['reports'],
application_preferences_bedrooms,Application Preferences Bedrooms,['Application Preferences Bedrooms'],Shows the lead's preferred number of bedrooms as listed on the guest card. This information is shown on the lead profile on the right-hand side under preferences.,metric,integer,quantity,core,high,low,31,1,['reports'],
application_preferences_rent_max,Application Preferences Rent Max,['Application Preferences Rent Max'],Shows the lead's preferred maximum rent amount as listed on the guest card. This information is shown on the lead profile on the right-hand side under preferences.,metric,currency,financial,core,high,low,31,1,['reports'],
application_preferences_rent_min,Application Preferences Rent Min,['Application Preferences Rent Min'],Shows the lead's preferred minimum rent amount as listed on the guest card. This information is shown on the lead profile on the right-hand side under preferences.,metric,currency,financial,core,high,low,31,1,['reports'],
beds,Beds,['Beds'],This column displays the bedroom count associated to the listed floor plan.,metric,integer,quantity,core,medium,low,31,5,['reports'],
employment_income_annual,Employment Income (Annual),['Employment Income (Annual)'],"This column displays the total current salary for all employement entries for each person on an ANNUAL basis. This information is found on the resident profile under household, income, current income or on the lead profile on the application under the financial section. It includes all types of incomes including disability, annuities, ect. Again, the income shown is on an annual basis.",metric,currency,financial,core,high,low,31,1,['reports'],
lease_utilities,Lease Utilities,['Lease Utilities'],"Lists the utilities a resident is responsible to pay, (in a comma separated list if they are responsible for more than one). This information is found on the profile under Scheduled Charges and Credits, Lease Utilities.",metric,currency,financial,core,high,low,31,2,['reports'],
manual_contact_attempted,Manual Contact Attempted,['Manual Contact Attempted'],"Events of: Outbound Email, Outbound SMS, Outbound Call, Onsite Visits, Unit Tours, Property Tours that took place in the period selected on the leads listed in the New Leads column. Outbound Emails/Texts will only be counted if they have been manually sent. Email/Texts Messages sent via message center, or automated by the system will not be included in the count.",metric,integer,quantity,core,high,low,31,5,['reports'],
manual_contact_attempted_in_first_24_hours,Manual Contact Attempted In First 24 Hours,"['Manual Contact Attempted In First 24 Hours', 'Manual Contact Attempted in First 24 Hours']","Displays the number of new leads that have a manual contact attempted within the first 24 hours of guest card creation. Leads with an original contact method of call, visit/tour, or chat should also be counted in this column as having a manual contact attempted. Manual Contact Attempts include events of: Outbound Email, Outgoing SMS, Outgoing Call, Onsite Visits, Unit Tours, and Property Tours. Outbound Emails/SMS will only be counted if they have been manually sent. Email/SMS Messages sent via message center, or automated by the system will not be included in the count.",metric,integer,quantity,core,high,low,31,4,['reports'],
manual_contact_attempted_in_first_48_hours,Manual Contact Attempted In First 48 Hours,"['Manual Contact Attempted In First 48 Hours', 'Manual Contact Attempted in First 48 Hours', 'manual Contact Attempted in First 48 Hours']","Displays the number of new leads that have a manual contact attempted within the first 48 hours of guest card creation. Leads with an original contact method of call, visit/tour, or chat should also be counted in this column as having a manual contact attempted. Manual Contact Attempts include events of: Outbound Email, Outgoing SMS, Outgoing Call, Onsite Visits, Unit Tours, and Property Tours. Outbound Emails/SMS will only be counted if they have been manually sent. Email/SMS Messages sent via message center, or automated by the system will not be included in the count.",metric,integer,quantity,core,high,low,31,4,['reports'],
student_financial_assistance,Student Financial Assistance,['Student Financial Assistance'],"This column displays the annual student financial assistance amount as entered on the application. This information is found in the lead profile on the application under financial, student financial assistance, gross income.",metric,currency,financial,core,high,low,31,1,['reports'],
ending_balance,Ending Balance,"['ENDING BALANCE', 'Ending Balance']",The ENDING BALANCE column displays the balance of the ledger as of the last day of the selected period/month.,metric,currency,financial,core,medium,medium,30,8,['reports'],
exposure_percent,Exposure (%),"['EXPOSURE (%)', 'Exposure %', 'Exposure (%)']",A percentage calculated by taking the count of all Notice Unrented and Vacant Unrented units divided by the count of total units as of the end of the designated week.,metric,percent,percent,core,high,low,30,4,['reports'],
bedrooms,Bedrooms,['Bedrooms'],Displays the number of bedrooms in the unit. Units are managed under Setup >> Properties >> [Select Property] >> Floor Plans & Units >> Units >> [Select Unit].,metric,integer,quantity,core,medium,low,29,6,['reports'],
est_vacancy_cost,Est. Vacancy Cost,['Est. Vacancy Cost'],The Est. Vacancy Cost column will display a monetary value that represents an estimated (not 100% accurate) vacancy cost/loss based on the previous household's move-out date and the number of days the unit has been vacant.,metric,currency,financial,core,medium,low,29,5,['reports'],
future_lease_rent,Future Lease Rent,['Future Lease Rent'],"The Future Lease Rent column will display the scheduled rent charge value of the upcoming lease for units in a vacant rented status. This column is disabled by default, and can be accessed via the Display Options tab.",metric,currency,financial,core,medium,low,29,3,['reports'],
leases_expiring,Leases Expiring,['Leases Expiring'],Calculated as follows: MTM Started + Move-outs + Renewals + Evictions Completed.,metric,integer,quantity,core,medium,low,29,3,['reports'],
occupied_sqft,Occupied Sqft,"['Occupied SQFT', 'Occupied Sqft']",The square footage of all occupied units at the property as of the end of the designated week.,metric,number,quantity,core,medium,low,29,6,['reports'],
payment_number,Payment #,"['PAYMENT #', 'Payment #']",This column displays the associated payment #.,metric,currency,financial,core,medium,medium,29,8,['reports'],
baths,Baths,['Baths'],This column displays the bathroom count associated to the listed floor plan.,metric,integer,quantity,core,medium,low,28,6,['reports'],
best_price,Best Price,['Best Price'],"The Best Price column will display a value representing the lowest pricing value, regardless of the lease term, as of the unit's available on date or today's date (if the available on date has passed the current calendar date). This column should be blank for any vacant rented, notice rented, and occupied no notice units. This column is disabled by default and can be accessed via the Display Options tab.",metric,currency,financial,core,medium,low,28,2,['reports'],
best_price_term,Best Price Term,['Best Price Term'],"The Best Price Term column will display the lease term (in months) that is associated to the value displayed within the best price column. This column should be blank for any vacant rented, notice rented, and occupied no notice units. This column is disabled by default and can be accessed via the Display Options tab.",metric,currency,financial,core,medium,low,28,2,['reports'],
future_scheduled_credits_amount,Future Scheduled Credits - Amount,['Future Scheduled Credits - Amount'],Displays the amount of the credit.,metric,currency,financial,core,medium,low,28,1,['reports'],
future_scheduled_credits_charge_timing,Future Scheduled Credits - Charge Timing,['Future Scheduled Credits - Charge Timing'],Displays the timing that is associated to the credit.,metric,currency,financial,core,medium,low,28,1,['reports'],
net_effective_rent,Net Effective Rent,['Net Effective Rent'],"Displays the total value of all scheduled recurring, scheduled one-time, and manual one-time charges and credits included in Effective Rent amortized over the occupied length of the lease interval. Charge Codes can be included/excluded from Effective Rent under Setup >> Company >> Financial >> Charge Codes >> [Select Charge Code] >> Include in Effective Rent. Occupied lease length is the best approximation of when scheduled charges start and end on a lease interval and best accounts for early move-ins, early move-outs, and transfers. Month-to-month lease interval do not have scheduled recurring charges total value or occupied lease length calculated and therefore, are calculated as the sum of scheduled and manual charges and credits included in Effective Rent as of the period selected.",metric,currency,financial,core,medium,low,28,6,['reports'],
scheduled_charges_actual_charges,Scheduled Charges - Actual Charges,['Scheduled Charges - Actual Charges'],Displays the amount that was actually charged to the tenant associated to the listed charge code(s) during the user-defined period.,metric,currency,financial,core,medium,low,28,1,['reports'],
scheduled_charges_actual_nnn,Scheduled Charges - Actual NNN,['Scheduled Charges - Actual NNN'],"Displays an amount, for each listed tenant, that represents the sum of the ""Actual NNN CAM,"" ""Actual NNN Taxes,"" and ""Actual NNN Insurance"" columns.",metric,currency,financial,core,medium,low,28,1,['reports'],
scheduled_charges_actual_nnn_cam,Scheduled Charges - Actual NNN CAM,['Scheduled Charges - Actual NNN CAM'],Displays the total amount of all CAM charges within the post month selected that actually posted. This column will pull in charges originated from the Lease > Triple-Net > CAM Pools section on the resident's profile AND charges that have a charge code usage of CAM.,metric,currency,financial,core,medium,low,28,1,['reports'],
scheduled_charges_actual_nnn_insurance,Scheduled Charges - Actual NNN Insurance,['Scheduled Charges - Actual NNN Insurance'],Displays the total amount of all insurance charges within the post month selected that actually posted. This column should ONLY pull in charges originated from the Lease > Triple-Net > Insurance section on the resident's profile.,metric,currency,financial,core,medium,low,28,1,['reports'],
scheduled_charges_actual_nnn_taxes,Scheduled Charges - Actual NNN Taxes,['Scheduled Charges - Actual NNN Taxes'],Displays the total amount of all tax charges within the post month selected that actually posted. This column should ONLY pull in charges originated from the Lease > Triple-Net > Taxes section of the resident's profile.,metric,currency,financial,core,medium,low,28,1,['reports'],
scheduled_charges_annual_charge_sqft,Scheduled Charges - Annual Charge / Sqft,['Scheduled Charges - Annual Charge / Sqft'],"Displays the annual charges divided by the sqft of each tenant. If the tenant is occupying multiple suites, this column should display Annual Charges / Total SQFT of all suites occupied by the tenant.",metric,number,quantity,core,medium,low,28,1,['reports'],
scheduled_charges_annual_charges,Scheduled Charges - Annual Charges,['Scheduled Charges - Annual Charges'],Displays the annualized charges for each tenant displayed. This is calculated by taking the monthly sum of all scheduled charges and multiplying it by 12.,metric,currency,financial,core,medium,low,28,1,['reports'],
scheduled_charges_expire,Scheduled Charges - Expire,['Scheduled Charges - Expire'],Display the date that the tenant's rent is set to expire on their ledger.,metric,currency,financial,core,medium,low,28,1,['reports'],
scheduled_charges_monthly_base_rent,Scheduled Charges - Monthly Base Rent,['Scheduled Charges - Monthly Base Rent'],Displays the base rent amount that is charged to the tenant that's displayed.,metric,currency,financial,core,medium,low,28,1,['reports'],
scheduled_charges_monthly_utilities,Scheduled Charges - Monthly Utilities,['Scheduled Charges - Monthly Utilities'],"Displays an amount, for each listed tenant, that represents the total amount of all utility charges within the post month selected. This column should ONLY pull in charges originated from the Lease > Triple-Net > utility section on the tenant's profile.",metric,currency,financial,core,medium,low,28,1,['reports'],
scheduled_charges_other_monthly_charges,Scheduled Charges - Other Monthly Charges,['Scheduled Charges - Other Monthly Charges'],"Displays any other charges that are associated to the tenant's lease. This will exclude anything displayed in the base rent column, CAM charges column, taxes, utilities, and insurance.",metric,currency,financial,core,medium,low,28,1,['reports'],
scheduled_charges_scheduled_charges,Scheduled Charges - Scheduled Charges,['Scheduled Charges - Scheduled Charges'],Displays the amount of the scheduled charge(s) associated to the listed charge code(s).,metric,currency,financial,core,medium,low,28,1,['reports'],
scheduled_charges_scheduled_charges_sqft,Scheduled Charges - Scheduled Charges / Sqft,['Scheduled Charges - Scheduled Charges / Sqft'],Displays the sum of all monthly scheduled charges of each tenant divided by the rentable sqft of the suite.,metric,number,quantity,core,medium,low,28,1,['reports'],
scheduled_charges_scheduled_nnn,Scheduled Charges - Scheduled NNN,['Scheduled Charges - Scheduled NNN'],"Displays an amount, for each listed tenant, that represents the sum of the ""Scheduled NNN CAM,"" ""Scheduled NNN Taxes,"" and ""Scheduled NNN Insurance"" columns.",metric,currency,financial,core,medium,low,28,1,['reports'],
scheduled_charges_scheduled_nnn_cam,Scheduled Charges - Scheduled NNN CAM,['Scheduled Charges - Scheduled NNN CAM'],Displays the total amount of all CAM charges within the post month selected that were scheduled to post. This column will pull in charges originated from the Lease > Triple-Net > CAM Pools section on the resident's profile AND charges that have a charge code usage of CAM.,metric,currency,financial,core,medium,low,28,1,['reports'],
scheduled_charges_scheduled_nnn_insurance,Scheduled Charges - Scheduled NNN Insurance,['Scheduled Charges - Scheduled NNN Insurance'],Displays the total amount of all insurance charges within the post month selected that were scheduled to post. This column should ONLY pull in charges originated from the Lease > Triple-Net > Insurance section on the resident's profile.,metric,currency,financial,core,medium,low,28,1,['reports'],
scheduled_charges_scheduled_nnn_taxes,Scheduled Charges - Scheduled NNN Taxes,['Scheduled Charges - Scheduled NNN Taxes'],Display the total amount of all tax charges within the post month selected that were scheduled to post. This column should ONLY pull in charges originated from the Lease > Triple-Net > Taxes section of the resident's profile.,metric,currency,financial,core,medium,low,28,1,['reports'],
scheduled_charges_start,Scheduled Charges - Start,['Scheduled Charges - Start'],Displays the date that the tenant's rent is set to start posting on their ledger.,metric,currency,financial,core,medium,low,28,1,['reports'],
total_inventory,Total Inventory,['Total Inventory'],"Displays the number of inventory entries that have been added to each listed 'Option' as of the end of the user-defined period. NOTE: If an 'Option' has been setup where it contains no inventory then this column will be blank for all such Options.""",metric,integer,quantity,core,medium,low,28,4,['reports'],
total_scheduled_charges,Total Scheduled Charges,['Total Scheduled Charges'],Displays an amount that represents the total current rent for all occupied or on notice inventory items that is associated to the resident as of the end of the user-defined period. The 'Scheduled Charges' for this report is being considered as the recurring charge that was shown as of the end of the user-defined period.,metric,currency,financial,core,medium,low,28,3,['reports'],
advertised_rate,Advertised Rate,['Advertised Rate'],"Displays the advertised rate when the lease was executed based on the applicant/resident's unit type, lease term, and space option selection. If the lease has yet to be executed, show the advertised rate as of the day the report is run.",metric,percent,percent,core,medium,low,27,4,['reports'],
avg_advertised_rate,Avg Advertised Rate,"['Avg Advertised Rate', 'Avg. Advertised Rate']",Displays the average advertised rate for the unit spaces considered pre-leased in each row.,metric,percent,percent,core,medium,low,27,2,['reports'],
charge_timing,Charge Timing,['Charge Timing'],Displays the charge timing of the charge as shown in the Resident Profile >> Financial >> Scheduled Charges and Credits >> Charge Timing,metric,currency,financial,core,medium,low,27,7,['reports'],
credits_concessions,Credits / Concessions,"['CREDITS/CONCESSIONS', 'Credits / Concessions']",Displays the amount of credits allocated to charges in the period selected and charges allocated to credits in the period selected. This column should not include negative payments allocated to credits.,metric,currency,financial,core,medium,low,27,6,['reports'],
last_delinquency_note,Last Delinquency Note,['Last Delinquency Note'],"Displays the most current delinquent note along with the creation datetime and username on the resident's activity log, based on a date range determined by the oldest unallocated transaction and the end of the period selected. Nothing prior to the oldest unallocated transaction will be shown.",metric,currency,financial,core,medium,low,27,3,['reports'],
per_sqft,Per Sqft,"['Per SQFT', 'Per Sqft']","The Per Sqft column will display the new per sqft amount for the tenant for each time that their monthly base rent increases; this value will typically increase from their original per sqft amount. This column will fall under the 'future rent increases' master column header. This column header is dynamic, and may display 'SQFT', 'M2', or 'Unit of Area', depending on the property's setting for Unit of Measurement.",metric,number,quantity,core,medium,low,27,5,['reports'],
total_calls,Total Calls,"['Total Calls', 'Total calls']",Total Calls show the total number of corporate care calls for all issue types. This will also be a total of the 'resolved' and 'unresolved' column counts.,metric,integer,quantity,core,medium,medium,27,10,['reports'],
beginning_deposit_held,Beginning Deposit Held,"['BEGINNING DEPOSIT HELD', 'Beginning Deposit Held']",The BEGINNING DEPOSIT HELD column displays the balance (amount held) of the DEPOSIT ledger as of the last day of the period/month prior to the selected period/month. This column will ONLY display when the 'Deposits' filter is set to 'Show'.,metric,currency,financial,core,medium,low,26,6,['reports'],
completed_applications,Completed Applications,"['COMPLETED APPLICATIONS', 'Completed Applications']",Count of Completed Applications in the period,metric,integer,quantity,core,medium,medium,26,10,['reports'],
current_budget,Current Budget,['Current Budget'],Original budget plus the change orders.,metric,currency,financial,core,medium,low,26,6,['reports'],
current_collections,Current Collections,"['CURRENT COLLECTIONS', 'Current Collections']",Displays the amount of cash/receipts that have been collected in the period which were also allocated against Charges Due in the period.,metric,currency,financial,core,medium,low,26,4,['reports'],
occupied_percent,Occupied (%),"['OCCUPIED (%)', 'Occupied %', 'Occupied (%)', 'Occupied - %']",Calculated as follows: Occupied / Rentable Units.,metric,percent,percent,core,medium,low,26,6,['reports'],
prior_collections,Prior Collections,"['PRIOR COLLECTIONS', 'Prior Collections']",Displays the amount of cash/receipts that were collected in prior periods which where allocated against Charges Due in the period.,metric,currency,financial,core,medium,low,26,4,['reports'],
prior_recurring_concessions,Prior Recurring Concessions,['Prior Recurring Concessions'],"Displays the total value of all scheduled recurring non-Rent-type charges and credits from Charge Codes included in Effective Rent on the Prior Lease interval. Charge Codes can be included or excluded from Effective Rent under Setup >> Company >> Financial >> Charge Codes >> [Select Charge Code] >> Include in Effective Rent. Month-to-month lease intervals do not have scheduled recurring charges total value and therefore, Recurring Concessions is calculated as the sum of scheduled recurring non-Rent-type charges and credits included in Effective Rent as of the MTM Start date.",metric,currency,financial,core,medium,low,26,7,['reports'],
sqft_avg,Sqft (Avg),['Sqft (Avg)'],"Displays the average area of the units. Area is managed at the unit level under Setup >> Properties >> [Select Property] >> Property >> Floor Plans & Units >> Units >> [Select Unit] >> General >> Square Feet. The column name and value are dynamic and adjust automatically based on Setup >> Property >> [select a property] >> Property >> General >> Details >> Unit of Measure - Area. If the Unit of Measure field is set to Square Feet, then the column shows Sqft. If it's set to Square Meters, then the column shows M2. If the report is generated for multiple properties with different Unit of Measure settings, then the column shows Unit of Area.",metric,number,quantity,core,medium,low,26,1,['reports'],
number_of_animals,# of Animals,['# of Animals'],"Displays the total number of current (we don't show past pets) pets associated to a household. This information can be found on the resident profile under lease, pets. It can be found on the lead profile in the application under gerenral, pets.",metric,currency,financial,core,medium,low,25,1,['reports'],
90_days,90+ Days,"['90  Days', '90+ Days']",Displays the portion of Unallocated Charges / Credits due more than 90 days prior to the end of the period selected.,metric,currency,financial,core,medium,low,25,4,['reports'],
appointments_set_percent,Appointments Set %,"['APPOINTMENTS SET %', 'Appointments Set %']",Number of appointments set divided by the number of leads created.,metric,percent,percent,core,medium,low,25,4,['reports'],
assigned_to,Assigned To,['Assigned To'],The current person the work order is assigned to.,metric,currency,financial,core,medium,low,25,6,['reports'],
charge_amount,Charge Amount,"['CHARGE AMOUNT', 'Charge Amount']",Displays the amount that the the resident is being charged for the specified Charge Code.,metric,currency,financial,core,medium,low,25,7,['reports'],
per_sq_ft,Per Sq.Ft.,['Per Sq.Ft.'],"This column divides the Actual total for the defined period, and divides it by the total rentable square feet for the property. Note: Total Rentable Square Feet does not include Excluded units. This column can be added to the selected period, QTD, and YTD sections.",metric,currency,financial,core,medium,low,25,2,['reports'],
per_unit,Per Unit,['Per Unit'],"This column divides the Actual total for the defined period, QTD, or YTD, and divides it by the total rentable units for the property. Note: Rentable Units do not include Excluded units. This column can be added to the selected period, QTD, and YTD sections.",metric,currency,financial,core,medium,low,25,3,['reports'],
write_off_percent,Write-Off %,['Write-Off %'],"This column displays the % of the total activity for each GL that came from charges being written off to bad debt. This column can be added to the selected period, QTD, and YTD sections.",metric,percent,percent,core,medium,low,25,2,['reports'],
percent_accepted,% Accepted,['% Accepted'],Calculated as follows: (Offers Accepted / Offers) * 100.,metric,percent,percent,core,medium,low,24,6,['reports'],
bank_name,Bank Name,['Bank Name'],This column displays the Bank Name for the associated payment. This column can only be enabled in Display Options when Summarize = No.,metric,currency,financial,core,medium,low,24,6,['reports'],
leases_completed_cancelled,Leases Completed (Cancelled),['Leases Completed (Cancelled)'],Counts the number of primary leads that reached a status of Lease Completed and are cancelled/archived. For more information click here,metric,integer,quantity,core,medium,low,24,2,['reports'],
moved_in,Moved In,"['MOVED IN', 'Moved In']",Counts the number of leads that have had a move-in processed.,metric,integer,quantity,core,medium,low,24,3,['reports'],
successful_contacts,Successful Contacts,['Successful Contacts'],"""Displays the number of successful contacts made by Leasing Agents to leads listed in the Manual Contacts Prompted column. A successful contact is considered verified communication with a lead and will include events of: inbound emails, inbound calls, outbound calls (with a result of completed), onsite visits(with a result of completed), unit tours(with a result of completed), and property tours(with a result of completed), within the period selected will be counted.",metric,integer,quantity,core,medium,low,24,5,['reports'],
percent_of_total,% Of Total,"['% Of Total', '% Of total', '% of Total']",This column will display a percentage of the total number of policies for each policy carrier listed,metric,percent,percent,core,medium,low,23,6,['reports'],
approved_percent,Approved (%),"['Approved (%)', 'Approved - %']",Displays the percent of rentable units that have unit spaces that will be occupied with applicants in a Approved status.,metric,percent,percent,core,medium,low,23,2,['reports'],
completed_percent,Completed (%),"['Completed (%)', 'Completed - %']",Displays the percent of rentable units that have unit spaces that will be occupied with applicants in a Completed status.,metric,percent,percent,core,medium,low,23,2,['reports'],
outstanding_delinquency,Outstanding Delinquency,['Outstanding Delinquency'],"Displays the Delinquency amount of the prior period. This column will only show when Include Outstanding Delinquency filter is set to Yes and drills into the Delinquency report for the prior period. If period selected is a date then, this will tie out to the Delinquency amount found in the Delinquency report for the last day of the prior calendar month. If period selected is a post month, then this will tie out to the Delinquency amount found in the Delinquency report for the prior post month.",metric,currency,financial,core,medium,low,23,5,['reports'],
remaining_budget,Remaining Budget,"['REMAINING BUDGET', 'Remaining Budget']",Displays how much of the total budget is remaining after the transaction is posted.,metric,currency,financial,core,medium,low,23,4,['reports'],
amenity_rent,Amenity Rent,['Amenity Rent'],"The Amenity Rent column will display the total value of all assigned amenities for each unit. If amenities are assigned but have no rent then this column will be blank. This column is disabled by default, and can be accessed via the Display Options tab.",metric,currency,financial,core,medium,medium,22,9,['reports'],
avg_change,Avg. Change ($),"['Avg Change ($)', 'Avg. $ Change', 'Avg. Change ($)']","Based on what is selected in the Compare filter, displays the difference between the two average rents selected to compare in a dollar amount",metric,currency,financial,core,medium,low,22,4,['reports'],
deposit_number,Deposit Number,"['DEPOSIT NUMBER', 'Deposit Number']",Displays the system generated bank deposit number.,metric,currency,financial,core,medium,medium,22,8,['reports'],
lease_approved_percent,Lease Approved %,['Lease Approved %'],Lease Approved / Leads Created,metric,percent,percent,core,medium,low,22,2,['reports'],
percent_percent,Percent (%),['Percent (%)'],Displays the percentage of the sqft listed for each status in comparison to the total square footage.,metric,percent,percent,core,medium,low,22,2,['reports'],
total_collections,Total Collections,"['TOTAL COLLECTIONS', 'Total Collections']",Displays the amount of all cash/receipts collected and credits / concessions allocated in the period selected. Calculated as follows: Total Cash Collections + Credits / Concessions.,metric,currency,financial,core,medium,low,22,5,['reports'],
91_120_days,91-120 Days,"['91-120 DAYS', '91-120 Days']",Displays the portion of Unallocated Charges / Credits due 91-120 days prior to the end of the period selected.,metric,currency,financial,core,medium,low,21,2,['reports'],
avg_rentable_sqft,Avg Rentable Sqft,['Avg Rentable Sqft'],Displays the average area of measure for the rentable unit spaces considered in each row.,metric,number,quantity,core,medium,low,21,1,['reports'],
avg_current_rent,Avg. Current Rent,"['Avg Current Rent', 'Avg. Current Rent']","For offers accepted, displays the average Current Rent.",metric,currency,financial,core,medium,low,21,3,['reports'],
partially_completed_percent,Partially Completed (%),['Partially Completed (%)'],Displays the percent of rentable units that have unit spaces that will be occupied with applicants in a Partially Completed status.,metric,percent,percent,core,medium,low,21,1,['reports'],
pre_leased_percent,Pre-Leased (%),['Pre-Leased (%)'],Displays the percent of rentable units that have unit spaces that will be occupied with applicants in a status that is at least the status selected in the Consider Pre-Leased filter or higher.,metric,percent,percent,core,medium,low,21,1,['reports'],
started_percent,Started (%),['Started (%)'],Displays the percent of rentable units that have unit spaces that will be occupied with applicants in a Started status.,metric,percent,percent,core,medium,low,21,1,['reports'],
unit_of_area,Unit of Area,['Unit of Area'],"The UNIT OF AREA column displays the square feet or square meters of the unit that is being renovated and is dynamic based on the the Units of Measure setting for Area in property settings. This column will display SQFT if the property is set to Square Feet, M2 if the property is set to Square Meter, and Unit of Area if the report is generated for multiple properties with different units of area.",metric,number,quantity,core,medium,low,21,3,['reports'],
percent_delinquent,% Delinquent,['% Delinquent'],Displays the percent of Charges Due not yet collected on in the period. Calculated as follows: Delinquency / Charges Due,metric,percent,percent,core,medium,low,20,5,['reports'],
percent_neglected_in_first_24_hours,% Neglected in First 24 Hours,['% Neglected in First 24 Hours'],Displays the percent of new leads that were neglected in the first 24 hours of creation.,metric,percent,percent,core,medium,low,20,3,['reports'],
percent_neglected_lead,% Neglected Lead,['% Neglected Lead'],Displays the percent of how many new leads remained neglected at the end of the period,metric,percent,percent,core,medium,low,20,3,['reports'],
actual_charges_avg,Actual Charges (Avg),['Actual Charges (Avg)'],Displays the average Actual Charges of occupied units. Actual Charges is the sum of all charges that have been posted in the period selected based on the charge codes selected in the Charge Codes filter.,metric,currency,financial,core,medium,low,20,1,['reports'],
applied_deposits,Applied Deposits,['Applied Deposits'],"Displays any deposits applied to charges in the Charges Due column. It will always show deposits applied to the charge amount listed in the Charges Due column. Because the Charges Due changes depending on the Include Outstanding Delinquency filter selection, this value will also change. When set to ""Yes"", the amount will tie out to the Applied to Charges amount in the Resident Deposit Audit report.",metric,currency,financial,core,medium,low,20,5,['reports'],
budgeted_rent_avg,Budgeted Rent (Avg),['Budgeted Rent (Avg)'],Displays the average Budgeted Rent of rentable units. Budgeted Rent is the amount at which the unit is budgeted as of the end of the period selected as found under Setup >> Properties >> [Select Property] >> Pricing >> Rent >> Budgeted Rent. Clients who use this column should also have Budgeted Rent selected for the Determine Market Rent setting found under Setup >> Properties >> [Select Property] >> Financial >> Gross Potential Rent.,metric,currency,financial,core,medium,low,20,2,['reports'],
cash_balances,Cash Balances,['Cash Balances'],This column will only appear if the Beginning/Ending Cash Balances Details filter is set to Hide. This is due to the cash accounts being hidden and the Account Name column not appearing.,metric,currency,financial,core,medium,low,20,1,['reports'],
effective_rent_avg,Effective Rent (Avg),['Effective Rent (Avg)'],"Displays the average Effective Rent of occupied units. Effective Rent is the total value of all scheduled recurring and one-time charges and credits from Charge Codes included in Effective Rent amortized over the occupied length of the lease interval. Charge Codes can be included or excluded from Effective Rent under Setup >> Company >> Financial >> Charge Codes >> [Select Charge Code] >> Include in Effective Rent. Occupied lease length is the best approximation of when scheduled charges start and end on a lease interval and best accounts for early move-ins, early move-outs, and transfers. Month-to-month lease intervals do not have scheduled recurring charges total value or occupied lease length calculated and therefore, Effective Rent is calculated as the sum of scheduled charges and credits included in Effective Rent as of the MTM Start date.",metric,currency,financial,core,medium,low,20,3,['reports'],
incoming_calls,Incoming Calls,"['INCOMING CALLS', 'Incoming Calls', 'Incoming calls']","All calls from prospects to the property. Missed calls, voicemails, and calls that are received when the lead is in a Lease Approved/Future Resident status are not counted.",metric,integer,quantity,core,medium,low,20,5,['reports'],
lease_signed,Lease Signed,['Lease Signed'],"Counts the number of leads that have finished signing their portion of the lease. This column counts the signing of the most recent lease, (instead of the initial lease), and therefore will not tie-out to other reports if a lease has been cancelled.",metric,integer,quantity,core,medium,low,20,5,['reports'],
manual_contact_per_lead,Manual Contact Per Lead,['Manual Contact Per Lead'],Calculated as follows: Manual Contact Attempted divided by New Leads.,metric,integer,quantity,core,medium,low,20,2,['reports'],
market_rent_avg,Market Rent (Avg),['Market Rent (Avg)'],Displays the average Market Rent of rentable units. Market Rent is the amount at which the unit is advertised as of the end of the period selected as found under Setup >> Properties >> [Select Property] >> Pricing >> Rent >> Historical Rents (Rate Logs). Clients who use this column should also have Market Rent selected for the Determine Market Rent setting found under Setup >> Properties >> [Select Property] >> Financial >> Gross Potential Rent.,metric,currency,financial,core,medium,low,20,2,['reports'],
max_pets,Max Pets,['Max Pets'],"The MAX PETS column will display the maximum number of pets (as entered within unit/space setup) for each listed unit. This column is disabled by default, and can be accessed via the Display Options tab",metric,integer,quantity,core,medium,low,20,4,['reports'],
monthly_cam,Monthly CAM,"['MONTHLY CAM', 'Monthly CAM']",Displays the total amount of unallocated CAM (common area maintenance) usage charges for the tenant as of the end of the period selected. This column is specific to clients with the Entrata Commercial product.,metric,currency,financial,core,medium,low,20,6,['reports'],
monthly_nnn_insurance,Monthly NNN Insurance,"['MONTHLY NNN INSURANCE', 'Monthly NNN Insurance']",Displays the total amount of unallocated NNN (triple net) insurance charges for the tenant as of the end of the period selected. This column is specific to clients with the Entrata Commercial product.,metric,currency,financial,core,medium,low,20,5,['reports'],
monthly_nnn_taxes,Monthly NNN Taxes,"['MONTHLY NNN TAXES', 'Monthly NNN Taxes']",Displays the total amount of unallocated NNN (triple net) tax charges for the tenant as of the end of the period selected. This column is specific to clients with the Entrata Commercial product.,metric,currency,financial,core,medium,low,20,5,['reports'],
neglected_lead,Neglected Lead,['Neglected Lead'],"Displays the number of new leads that did not have a manual contact attempted in the period. New leads that had a first event of call, visit/tour, or chat will not be included in this count because their first event counts as their successful contact, no additional contact attempt is needed. Manual Contact Attempts include events of: Outbound Email, Outgoing SMS, Outgoing Call, Onsite Visits, Unit Tours, and Property Tours. Outbound Emails/SMS will only be counted if they have been manually sent. Email/SMS Messages sent via message center, or automated by the system will not be included in the count.",metric,integer,quantity,core,medium,low,20,3,['reports'],
online_chats,Online Chats,"['ONLINE CHATS', 'Online Chats']",All online chats that are taken during the period selected. Chats that are missed or deleted from the activity log will not be included.,metric,integer,quantity,core,medium,low,20,5,['reports'],
other_fees,Other Fees,['Other Fees'],"The OTHER FEES column will display a total of all other charges, as defined within Unit setup, that are not Security Deposits, Application Fees, or Rent. This column will be disabled by default and can be accessed via the Display Options tab.",metric,currency,financial,core,medium,low,20,4,['reports'],
renewal_offer,Renewal Offer,['Renewal Offer'],"Displays the rent amount for each term offered. Once a term has been accepted, this column will only show the rent amount for the term accepted by the resident (or property on their behalf). This column will be affected by the Charge Usage filter which limits the value to certain charge usages.",metric,currency,financial,core,medium,low,20,4,['reports'],
return_visits_tours,Return Visits/Tours,['Return Visits/Tours'],"Counts the number of onsite visits, property tours, or unit tours listed on the activity log that are return visits. This column excludes the initial visit/tour. Events that are deleted from the activity log will not be included. Events with a missed, cancelled, or reschduled event are not included.",metric,integer,quantity,core,medium,low,20,1,['reports'],
scheduled_charges_avg,Scheduled Charges (Avg),['Scheduled Charges (Avg)'],"Displays the average Scheduled Charges of occupied units. Scheduled Charges is the monthly (non-prorated) amount of all scheduled recurring charges on the lease in the period selected based on the charge codes selected in the Charge Codes filter. No scheduled charges are displayed for units vacant at the end of the period selected. If a resident transfers units within the period and new lease charges have not started yet, then old lease charges will be carried over.",metric,currency,financial,core,medium,low,20,2,['reports'],
scheduled_rent_avg,Scheduled Rent (Avg),['Scheduled Rent (Avg)'],"Displays the average Scheduled Rent of occupied units. Scheduled Rent is the monthly (non-prorated) amount of Rent-type scheduled recurring charges and credits on the lease in the period selected based on the charges codes selected in the Charge Codes filter. No scheduled charges are displayed for units vacant at the end of the period selected. If a resident transfers units within the period and new lease charges have not started yet, then old lease charges will be carried over.",metric,currency,financial,core,medium,low,20,2,['reports'],
bathrooms,Bathrooms,['Bathrooms'],Displays the number of bathrooms in the unit. Units are managed under Setup >> Properties >> [Select Property] >> Floor Plans & Units >> Units >> [Select Unit].,metric,integer,quantity,core,medium,low,14,3,['reports'],
application_denied,Application - Denied,['Application - Denied'],"When an application is completed and cancelled with a denial reason it is considered denied. Applications that are denied will not be included in the Completed (Cancelled) column. In the case that an application is approved in error, reverted, rescreened, and denied, the application will be considered in the Application Approved (Cancelled) column in order to keep an accurate net count.",metric,integer,quantity,core,medium,low,4,1,['reports'],
